{
  "discovery_time": 8.759268999099731,
  "job_save_time": 1.2892680168151855,
  "decision_time": 6.799467086791992,
  "total_execution_seconds": 22.02,
  "cpu_usage": 12.1,
  "memory_used_gb": 6.08
}